{"train_losses": [1.6479566046460108, 1.1798421598293565, 0.9380633060566403, 0.7657238243317063, 0.6410266370089217, 0.5656675195152109, 0.5132230634547092, 0.4625109267336401, 0.4234402653845874, 0.39795538393611257, 0.36135181302035396, 0.3348387072540142, 0.3117109862240878, 0.29783016083423386, 0.2924393476833674, 0.27521398130126973, 0.24315668623471123, 0.23773669713938778, 0.22218763261017474, 0.2066845965190706, 0.21701135067269206, 0.186413678298281, 0.17333982204383408, 0.16321021961894902, 0.15691065228417178, 0.14864918168380178, 0.138894952907735, 0.1333072746955705, 0.12724476830441167, 0.11746101872995496, 0.11074140496996486, 0.10720479630981572, 0.09874086638658562, 0.09819698571333323, 0.09883285685315389, 0.0938508855946235, 0.08211508065208116, 0.07884687186081217, 0.07326883169166236, 0.07981960557464679, 0.07523484467211264, 0.07177021198599091, 0.06736471282254736, 0.060616765203039075, 0.06168277017290662, 0.05967809175358112, 0.06351125743293035, 0.05764136371065185, 0.04889828193435361, 0.05263393476277336, 0.053011996682140634, 0.04956137454957405, 0.05246050529107875, 0.04252920717408415, 0.0437626208447248, 0.04537089981353016, 0.05081579780116127, 0.043401195618075275, 0.03955464851804374, 0.03886780764415479, 0.04107284915186359, 0.03669383149992262, 0.03888914545810125, 0.0364044305054201, 0.039726000922779676, 0.0311266449564507, 0.03680389848027103, 0.03918432715859539, 0.03421214821719332, 0.03263481046054618, 0.02805845623383489, 0.03279127547648386, 0.043196040380941915, 0.03010433501350979, 0.02867108824019934, 0.02464529745992133, 0.034594751524805775, 0.026357425286154135, 0.023370883691313793, 0.028110107253186554, 0.026016628235910586, 0.025853426270425025, 0.03021814761500123, 0.02642134841748471, 0.027312199343627566, 0.023205237179519663, 0.02414980006787201, 0.027062103422146967, 0.023250257748837943, 0.02098467903157474, 0.021606026586596272, 0.02129024551388945, 0.02206861781897632, 0.028001536135227732, 0.021364455788650295, 0.02637057630470901, 0.019727514752792722, 0.016142593454167745, 0.024814522019865268, 0.021891894102736842], "train_accuracies": [0.3902, 0.5747111111111111, 0.6681111111111111, 0.7333555555555555, 0.7780666666666667, 0.8045777777777777, 0.8235555555555556, 0.8393777777777778, 0.8517555555555556, 0.8610222222222222, 0.8764, 0.8854444444444445, 0.8901555555555556, 0.8953333333333333, 0.8970666666666667, 0.9048444444444445, 0.9153111111111111, 0.9172666666666667, 0.9216888888888889, 0.9269111111111111, 0.9228444444444445, 0.9343333333333333, 0.9387111111111112, 0.9419555555555555, 0.9444444444444444, 0.9463555555555555, 0.9510222222222222, 0.9529333333333333, 0.9552444444444445, 0.9574666666666667, 0.9611555555555555, 0.9622, 0.9649333333333333, 0.9650888888888889, 0.9652222222222222, 0.9665777777777778, 0.9701111111111111, 0.9729333333333333, 0.9743777777777778, 0.9724222222222222, 0.9734, 0.9739777777777778, 0.9761111111111112, 0.9782666666666666, 0.9781333333333333, 0.9792222222222222, 0.9776666666666667, 0.9796666666666667, 0.9830444444444445, 0.9818222222222223, 0.9811333333333333, 0.9825111111111111, 0.9811555555555556, 0.9849777777777777, 0.9848666666666667, 0.9839555555555556, 0.9830222222222222, 0.9850666666666666, 0.9865777777777778, 0.9864888888888889, 0.9862222222222222, 0.9873333333333333, 0.9864888888888889, 0.9871555555555556, 0.9864, 0.9889777777777777, 0.9876444444444444, 0.9856666666666667, 0.9887777777777778, 0.9890888888888889, 0.9903777777777778, 0.9888666666666667, 0.9856444444444444, 0.9896666666666667, 0.9897777777777778, 0.9912666666666666, 0.9883333333333333, 0.9910666666666667, 0.9922666666666666, 0.9905777777777778, 0.9909111111111111, 0.9914222222222222, 0.9892888888888889, 0.9906, 0.9905111111111111, 0.9922444444444445, 0.9915333333333334, 0.9909555555555556, 0.9919777777777777, 0.9925111111111111, 0.9926888888888888, 0.9927555555555555, 0.9928444444444444, 0.9906222222222222, 0.9924444444444445, 0.9907777777777778, 0.9933111111111111, 0.9945777777777778, 0.9908444444444444, 0.9922], "val_losses": [1.601657012104988, 1.283275306224823, 0.9488997809588909, 0.7752624429762364, 0.7467342644929886, 0.8282143190503121, 0.5522124923765659, 0.6669353626668453, 0.617756762355566, 0.5192721672356129, 0.49724847748875617, 0.4186561815440655, 0.3838481530547142, 0.39478424806147816, 0.41249828562140467, 0.35502055888064205, 0.38893190715461967, 0.3968732772395015, 0.31590738268569113, 0.4085013550473377, 0.37313449047505853, 0.4064474545419216, 0.3704397388966754, 0.3129456859081984, 0.35094502810388806, 0.3564596391282976, 0.32274714044178837, 0.3498033186420798, 0.3440819155308418, 0.30005077010646347, 0.34076921453815884, 0.323373728338629, 0.3547420507777133, 0.31646437011659145, 0.3056298509414773, 0.3261802030727267, 0.3348107105703093, 0.3213786951848306, 0.3184856050444068, 0.37228558473289014, 0.35152780430507846, 0.3431931343249744, 0.3151376204565167, 0.33069947489857443, 0.3369465684518218, 0.33126352472318105, 0.34092432163415654, 0.31949227554287063, 0.3528787390088837, 0.32041652938351034, 0.3691153564228443, 0.32355639510078615, 0.3624167600646615, 0.35251306686550377, 0.35254575792932885, 0.32363810916431246, 0.3170685294448049, 0.35924685702193526, 0.33676696931943295, 0.39891030142080125, 0.35565401111962275, 0.355377031583339, 0.33585579926148057, 0.33366997838020324, 0.3088623197982088, 0.3537232482805848, 0.4257278607226908, 0.3276572637430036, 0.34832095204142205, 0.34308353504166006, 0.35107802564743906, 0.3239801064133644, 0.3271711402325309, 0.3633604941816884, 0.3160385019262321, 0.32802249513406423, 0.3788006637245417, 0.3384346618818199, 0.3624497754747608, 0.35227052512345836, 0.36359370239079, 0.34214228084892967, 0.3825429771335621, 0.31388835087418554, 0.35722361151129006, 0.3457890033720815, 0.3779505812563002, 0.3904093054385157, 0.34937050596304287, 0.34960182544527924, 0.36092943958703927, 0.3898739002183447, 0.40681669060504644, 0.3606098320335107, 0.3580486811209994, 0.3507808912843757, 0.3060281644869519, 0.3334810207949886, 0.3543499270454049, 0.3376827917410992], "val_accuracies": [0.4888, 0.5498, 0.667, 0.7304, 0.7418, 0.7752, 0.8088, 0.774, 0.808, 0.8234, 0.825, 0.8582, 0.8682, 0.8634, 0.8628, 0.8792, 0.87, 0.869, 0.8944, 0.8714, 0.8774, 0.8616, 0.8814, 0.8986, 0.894, 0.8878, 0.8968, 0.8846, 0.8932, 0.9024, 0.8928, 0.9014, 0.891, 0.9022, 0.9052, 0.9056, 0.908, 0.9024, 0.903, 0.9002, 0.9118, 0.9076, 0.9108, 0.91, 0.9036, 0.9076, 0.9112, 0.9136, 0.9108, 0.912, 0.9052, 0.9154, 0.906, 0.913, 0.917, 0.914, 0.9222, 0.9128, 0.915, 0.9044, 0.9116, 0.9152, 0.9148, 0.9236, 0.9176, 0.9206, 0.9056, 0.9194, 0.917, 0.9134, 0.9172, 0.9218, 0.9158, 0.9194, 0.9256, 0.9222, 0.9132, 0.9198, 0.919, 0.9174, 0.9176, 0.9198, 0.9152, 0.9254, 0.9194, 0.926, 0.9176, 0.912, 0.9258, 0.9252, 0.9186, 0.9204, 0.9122, 0.9184, 0.9208, 0.9188, 0.932, 0.9302, 0.921, 0.9218]}